{"plain_residuals": [341.2113185043429, null, 108.2416155150811, 39.9419496567549, 17382.76367570304, null, 86.07700931020088, 484.89820081212207, 576.719617296354, 172.19703013130857, 435.634271803101, 12575.080444701784, 740.6058124186432, 0.0, 311.17221991864153, 16552.732166984402, 1231.9062299739344, 1180.961996221275, 505.0930984218535, 0.0], "spatial_residuals": [1223.819099344773, 0.0, 239.9851148004617, null, 14245.919341531615, 186.7164780315952, 789.2624730824605, 357.85076520606503, 1816.1982224107378, 15449.269274524562, 16766.507354772213, 197.33801477389443, 118.22863462556438, 14703.395127360915, 311.17221991864153, 12948.329548997324, 1231.9062299739344, 15999.43945623923, 492.92715599559415, 14620.15536062053], "kg_residuals": [null, null, null, null, null, null, null, null, null, null, null, null, null, null, null, null, null, null, null, null]}