{
    "Redland City -> Brisbane": 24.85485200071354,
    "Warwick -> Newcastle": 299.66548595785747,
    "Broken Hill -> Melbourne": 723.8219056292112,
    "Redland City -> Sydney": 730.3378623548762,
    "Karratha -> Karratha": 0.0,
    "Port Hedland -> Melbourne": 3199.5197160603434,
    "Gosford -> Broken Hill": 941.0506729183497,
    "Hervey Bay -> Bundaberg": 69.7600564440401,
    "Newcastle -> Mackay": 15530.317734886345,
    "Warwick -> Adelaide": 16333.797540014351,
    "Newcastle -> Brisbane": 16330.873082969112,
    "Esperance -> Newcastle": 15112.918127550922,
    "Darwin -> Adelaide": 2608.923390362135,
    "Gold Coast -> Broome": 15336.389480761964,
    "Bendigo -> Bendigo": 0.0,
    "Lismore -> Lismore": 0.0,
    "Gosford -> Brisbane": 679.6415919515498,
    "Port Hedland -> Bendigo": 3089.336001879959,
    "Ballarat -> Rockhampton": 1696.0240789735265,
    "Redland City -> Gawler": 1589.8852698498295,
    "Warwick -> Warwick": 0.0,
    "Broken Hill -> Bendigo": 592.0784063438306,
    "Redland City -> None": 16422.57347331231,
    "Karratha -> Townsville": 3136.8443341714255,
    "Port Hedland -> Port Hedland": 0.0,
    "Gosford -> Cessnock": 65.71119052568842,
    "Hervey Bay -> Gosford": 912.5090224622272,
    "Newcastle -> Cessnock": 16769.79634000073,
    "Warwick -> None": 1056.7252956210982,
    "Newcastle -> Newcastle": 0.0,
    "Esperance -> Cessnock": 2735.1756976230336,
    "Darwin -> Karratha": 1750.0889433179273,
    "Gold Coast -> Gosford": 632.9943534010484,
    "Lismore -> Mandurah": 3604.402617987078,
    "Toowoomba -> None": 16327.988368648075,
    "Port Hedland -> Ballarat": 3101.5019443062183,
    "Ballarat -> None": 16316.179439594058,
    "Broken Hill -> None": 15812.427272254348,
    "Port Hedland -> None": 13219.617194092605,
    "Gosford -> None": 16675.903657283096,
    "Hervey Bay -> None": 16224.078966605846,
    "Newcastle -> None": 1293.2119898329418,
    "Esperance -> None": 14390.732853903664,
    "Darwin -> None": 13583.3051892207,
    "Gold Coast -> None": 16468.497760929396,
    "Bendigo -> None": 16308.538512531375,
    "Lismore -> None": 16516.800105043614,
    "Redland City -> Armidale": 366.06617050505645,
    "Broken Hill -> Traralgon": 832.0635211442923,
    "Redland City -> Dubbo": 690.3959126981213,
    "Karratha -> Albany": 17382.76367570304,
    "Port Hedland -> Karratha": 186.7164780315952,
    "Gosford -> Mildura": 854.9736636081489,
    "Hervey Bay -> Coffs_Harbour": 554.6582572561622,
    "Newcastle -> Cairns": 14953.59811758999,
    "Warwick -> Mildura": 16505.99457014566,
    "Newcastle -> Shepparton": 16766.507354772213,
    "Esperance -> Darwin": 2537.837682849139,
    "Darwin -> Townsville": 1868.3175779434916,
    "Bendigo -> Griffith": 311.17221991864153,
    "Lismore -> Ipswich": 16552.732166984402,
    "Gosford -> Cairns": 1911.5478219254842,
    "Toowoomba -> Armidale": 328.5489124088459,
    "Port Hedland -> Logan_City": 3594.4291003018125,
    "Toowoomba -> Adelaide": 1509.510908630121
}